"Metric","Value"
"Accuracy",0.49
"Precision",0.506876227897839
"Recall",0.499032882011605
"Specificity",0.480331262939959
"F1_Score",0.502923976608187
"Mean_Risk",5.1505
"SD_Risk",2.87142062512729
"Z_Score",1.657447131537
"P_Value",0.0974291092365656
